[
  {
    "id": 1,
    "type": "Apartment",
    "price": 250000,
    "city": "Paris",
    "title": "Lovely Apt near Eiffel Tower",
    "description": "A charming apartment located in the heart of Paris with a stunning view of the Eiffel Tower.",
    "items": ["Balcony", "Elevator", "Concierge"]
  },
  {
    "id": 2,
    "type": "House",
    "price": 450000,
    "city": "Lyon",
    "title": "Family House with Garden",
    "description": "Spacious family house with a large garden and modern amenities, perfect for a growing family.",
    "items": ["Garden", "Garage", "Fireplace"]
  },
  {
    "id": 3,
    "type": "Villa",
    "price": 850000,
    "city": "Nice",
    "title": "Luxury Villa with Pool",
    "description": "Exquisite villa on the French Riviera featuring a private infinity pool and panoramic sea views.",
    "items": ["Pool", "Sea View", "Smart Home"]
  },
  {
    "id": 4,
    "type": "Apartment",
    "price": 320000,
    "city": "Bordeaux",
    "title": "Modern City Center Flat",
    "description": "Recently renovated flat in the historic center of Bordeaux, close to shops and transport.",
    "items": ["Renovated", "City Center", "Parquet"]
  },
  {
    "id": 5,
    "type": "Office",
    "price": 180000,
    "city": "Lille",
    "title": "Bright Office Space",
    "description": "Open-plan office space suitable for startups or small businesses, located in a business district.",
    "items": ["Open Plan", "Fiber Optic", "Parking"]
  }
]
